ligand,affinity_kcal_mol
lig_0044.pdbqt,-7.553
lig_0050.pdbqt,-7.435
lig_0051.pdbqt,-7.311
lig_0005.pdbqt,-7.298
lig_0017.pdbqt,-7.253
lig_0057.pdbqt,-7.185
lig_0075.pdbqt,-7.164
lig_0007.pdbqt,-7.123
lig_0068.pdbqt,-7.078
lig_0062.pdbqt,-7.067
lig_0086.pdbqt,-6.997
lig_0060.pdbqt,-6.995
lig_0065.pdbqt,-6.977
lig_0058.pdbqt,-6.955
lig_0004.pdbqt,-6.844
lig_0001.pdbqt,-6.809
lig_0046.pdbqt,-6.807
lig_0045.pdbqt,-6.667
lig_0037.pdbqt,-6.645
lig_0099.pdbqt,-6.561
lig_0022.pdbqt,-6.556
lig_0081.pdbqt,-6.543
lig_0071.pdbqt,-6.503
lig_0031.pdbqt,-6.502
lig_0014.pdbqt,-6.436
lig_0063.pdbqt,-6.396
lig_0028.pdbqt,-6.38
lig_0096.pdbqt,-6.359
lig_0069.pdbqt,-6.313
lig_0070.pdbqt,-6.313
lig_0054.pdbqt,-6.298
lig_0048.pdbqt,-6.298
lig_0038.pdbqt,-6.297
lig_0064.pdbqt,-6.228
lig_0067.pdbqt,-6.215
lig_0027.pdbqt,-6.178
lig_0082.pdbqt,-6.153
lig_0025.pdbqt,-6.139
lig_0072.pdbqt,-6.107
lig_0009.pdbqt,-6.093
lig_0092.pdbqt,-6.088
lig_0006.pdbqt,-6.06
lig_0019.pdbqt,-6.057
lig_0021.pdbqt,-6.053
lig_0036.pdbqt,-5.974
lig_0083.pdbqt,-5.919
lig_0079.pdbqt,-5.912
lig_0042.pdbqt,-5.88
lig_0055.pdbqt,-5.867
lig_0032.pdbqt,-5.862
lig_0020.pdbqt,-5.829
lig_0076.pdbqt,-5.785
lig_0034.pdbqt,-5.75
lig_0098.pdbqt,-5.663
lig_0026.pdbqt,-5.647
lig_0066.pdbqt,-5.623
lig_0074.pdbqt,-5.613
lig_0035.pdbqt,-5.613
lig_0039.pdbqt,-5.54
lig_0011.pdbqt,-5.537
lig_0010.pdbqt,-5.415
lig_0056.pdbqt,-5.414
lig_0087.pdbqt,-5.407
lig_0002.pdbqt,-5.396
lig_0040.pdbqt,-5.361
lig_0012.pdbqt,-5.313
lig_0053.pdbqt,-5.274
lig_0041.pdbqt,-5.269
lig_0033.pdbqt,-5.256
lig_0085.pdbqt,-5.159
lig_0030.pdbqt,-4.995
lig_0059.pdbqt,-4.976
lig_0078.pdbqt,-4.97
lig_0061.pdbqt,-4.9
lig_0016.pdbqt,-4.9
lig_0097.pdbqt,-4.889
lig_0013.pdbqt,-4.77
lig_0088.pdbqt,-4.737
lig_0049.pdbqt,-4.726
lig_0084.pdbqt,-4.722
lig_0029.pdbqt,-4.669
lig_0023.pdbqt,-4.667
lig_0043.pdbqt,-4.619
lig_0073.pdbqt,-4.61
lig_0024.pdbqt,-4.451
lig_0095.pdbqt,-4.41
lig_0090.pdbqt,-4.401
lig_0089.pdbqt,-4.373
lig_0000.pdbqt,-4.325
lig_0003.pdbqt,-4.221
lig_0093.pdbqt,-4.103
lig_0080.pdbqt,-4.098
lig_0091.pdbqt,-3.939
lig_0008.pdbqt,-3.814
lig_0094.pdbqt,-3.788
lig_0015.pdbqt,-3.783
lig_0018.pdbqt,-3.335
lig_0052.pdbqt,-3.0
