ligand,affinity_kcal_mol,ligand_id,smiles,MW,logP,HBD,HBA,TPSA,RotBonds,AromaticRings,passes_lipinski
lig_0044.pdbqt,-7.553,lig_0044,C1=CC=C(C=C1)C(N=C(C2=CC=CC=C2)C3=CC=CC=C3)C4=CC=CC=C4,347.46100000000007,6.313600000000005,0,1,12.36,5,4,True
lig_0050.pdbqt,-7.435,lig_0050,CC1=C(C2=CC=CC=C2)C(=C3C=CC=CC3=N1)OC4=CC=CC=C4,311.38399999999996,6.002520000000004,0,2,22.12,3,4,True
lig_0051.pdbqt,-7.311,lig_0051,N#C[CH](C(C1=CC=CC=C1)C2=CC=CC=C2)C3=CC=CC=C3,283.374,5.125880000000004,0,1,23.79,4,3,True
lig_0005.pdbqt,-7.298,lig_0005,OC(=O)C1=C(C=CC=C1)C2=C3C=CC(=O)C(=C3OC4=C2C=CC(=C4Br)O)Br,490.103,5.4936000000000025,2,4,87.74,2,2,True
lig_0017.pdbqt,-7.253,lig_0017,C(COC1=C(C=CC=C1)C2=CC=CC=C2)OC3=CC=CC=C3C4=CC=CC=C4,366.46000000000004,6.478400000000005,0,2,18.46,7,4,True
lig_0057.pdbqt,-7.185,lig_0057,N(C(C1=CC=CC=C1)C2=CC=CC=C2)C(C3=CC=CC=C3)C4=CC=CC=C4,349.4770000000001,6.155200000000005,1,1,12.03,6,4,True
lig_0075.pdbqt,-7.164,lig_0075,O=C(NC(C1=CC=CC=C1)C2=CC=CC=C2)C3=CC=CC=C3,287.362,4.206000000000003,1,1,29.1,4,3,True
lig_0007.pdbqt,-7.123,lig_0007,CC1=C(C2=C(C=C1)C(=O)C3=CC=CC=C3C2=O)[N+]([O-])=O,267.24,2.6786200000000004,0,4,77.28,1,2,True
lig_0068.pdbqt,-7.078,lig_0068,N#CC(CC1=CC=CC=C1)(C2=CC=CC=C2)C3=CC=CC=C3,283.374,4.738980000000004,0,1,23.79,4,3,True
lig_0062.pdbqt,-7.067,lig_0062,CC1=CC(=C(CC(=O)C2=CC=CC=C2)C(=C1)C)C,238.33,4.037260000000003,0,1,17.07,3,2,True
lig_0086.pdbqt,-6.997,lig_0086,O=C(C[CH](N1CCCCC1)C2=CC=CC=C2)C3=CC=CC=C3,293.41,4.486600000000004,0,2,20.310000000000002,5,2,True
lig_0060.pdbqt,-6.995,lig_0060,OC(=O)C(C1=CC=CC=C1)(C2=CC=CC=C2)C3=CC=CC=C3,288.346,4.105600000000003,1,1,37.3,4,3,True
lig_0065.pdbqt,-6.977,lig_0065,CC(=O)C(CC1=CC=CC=C1)(C2=CC=CC=C2)C3=CC=CC=C3,300.401,4.804400000000004,0,1,17.07,5,3,True
lig_0058.pdbqt,-6.955,lig_0058,OC1=C2C=CC=CC2=C(N=N1)C3=CC=CC=C3,222.24699999999999,3.0024000000000015,1,3,46.010000000000005,1,3,True
lig_0004.pdbqt,-6.844,lig_0004,NC1=CC2=C(C=C1)C(=O)C3=C(C=CC=C3)C2=O,223.231,2.0442,1,3,60.160000000000004,0,2,True
lig_0001.pdbqt,-6.809,lig_0001,S(SC1=NC2=CC=CC=C2S1)C3=NC4=C(S3)C=CC=C4,332.5,5.705400000000002,0,6,25.78,3,4,True
lig_0046.pdbqt,-6.807,lig_0046,CC1=C(C2=CC=CC=C2)C(=C3C=CC=CC3=N1)O,235.28599999999997,3.915820000000003,1,2,33.120000000000005,1,3,True
lig_0045.pdbqt,-6.667,lig_0045,C1=CC=C(C=C1)N=C(C2=CC=CC=C2)C3=CC=CC=C3,257.336,4.855700000000003,0,1,12.36,3,3,True
lig_0037.pdbqt,-6.645,lig_0037,ON=C(CC1=CC=CC=C1)[CH](C#N)C2=CC=CC=C2,250.30100000000002,3.3666800000000023,1,3,56.38,4,2,True
lig_0099.pdbqt,-6.561,lig_0099,CC(OC(=O)C1=CC=CC=C1)=CC2=CC=CC=C2,238.286,3.9044000000000025,0,2,26.3,3,2,True
lig_0022.pdbqt,-6.556,lig_0022,CC1=CC(=NC=C1)N=CC2=CC=CC=C2,196.25300000000001,3.140620000000001,0,2,25.25,2,2,True
lig_0081.pdbqt,-6.543,lig_0081,C1CCN(CC1)C(C2=CC=CC=C2)C3=CC=CC=C3,251.37300000000002,4.261900000000003,0,1,3.24,3,2,True
lig_0071.pdbqt,-6.503,lig_0071,C[C](O)([CH](C(O)=O)C1=CC=CC=C1)C2=CC=CC=C2,256.30100000000004,2.762500000000001,2,2,57.53,4,2,True
lig_0031.pdbqt,-6.502,lig_0031,CC1=CC=C(C=C1)C(=O)C2=CC=C(C=C2)[N+]([O-])=O,241.246,3.134220000000002,0,3,60.21,3,2,True
lig_0014.pdbqt,-6.436,lig_0014,O=CC1=C2C=CC=CC2=CC3=C1C=CC=C3,206.24399999999997,3.805500000000002,0,1,17.07,1,3,True
lig_0063.pdbqt,-6.396,lig_0063,COC(C1=CC=CC=C1)(C2=CC=CC=C2)C3=CC=CC=C3,274.363,4.624900000000004,0,1,9.23,4,3,True
lig_0028.pdbqt,-6.38,lig_0028,CC1=CC=C(C=C1)C(=O)C2=CC=C(Cl)C=C2,230.69400000000002,3.8794200000000023,0,1,17.07,2,2,True
lig_0096.pdbqt,-6.359,lig_0096,CN(CC1=CC=CC=C1)C2=CC=CC=C2,197.28099999999998,3.323000000000002,0,1,3.24,3,2,True
lig_0069.pdbqt,-6.313,lig_0069,CC(=CC1=CC=CC=C1)C2=CC=CC=C2,194.277,4.247100000000003,0,0,0.0,2,2,True
lig_0070.pdbqt,-6.313,lig_0070,N#C[CH](CC1=CC=CC=C1)C2=CC=CC=C2,207.276,3.536480000000002,0,1,23.79,3,2,True
lig_0054.pdbqt,-6.298,lig_0054,O=S(CC1=CC=CC=C1)CC2=CC=CC=C2,230.332,3.1355000000000013,0,1,17.07,4,2,True
lig_0048.pdbqt,-6.298,lig_0048,OC(=O)[CH](CC1=CC=CC=C1)C2=CC=CC=C2,226.27500000000003,3.097500000000002,1,1,37.3,4,2,True
lig_0038.pdbqt,-6.297,lig_0038,O[CH](CC1=CC=CC=C1)C2=CC=CC=C2,198.265,2.9627000000000008,1,1,20.23,3,2,True
lig_0064.pdbqt,-6.228,lig_0064,CCC(CC)(CC)[CH](OC(=O)C1=C(C=CC=C1)C(O)=O)C2=CC=CC=C2,354.446,5.499300000000004,1,3,63.6,8,2,True
lig_0067.pdbqt,-6.215,lig_0067,CC(C)(C)OC(=O)C(C1=CC=CC=C1)C2=CC=CC=C2,268.356,4.160200000000003,0,2,26.3,3,2,True
lig_0027.pdbqt,-6.178,lig_0027,C[C](O)(CC(O)=O)C1=CC=C(C=C1)[N+]([O-])=O,225.2,1.277,2,4,100.66999999999999,4,1,True
lig_0082.pdbqt,-6.153,lig_0082,CCOC(=O)C1=C(O)C2=CC=C(Cl)C(=C2N=C1)C,265.696,3.078920000000001,1,4,59.42,2,2,True
lig_0025.pdbqt,-6.139,lig_0025,ICCC(C1=CC=CC=C1)(C2=CC=CC=C2)C3=CC=CC=C3,398.2870000000001,5.846100000000004,0,0,0.0,5,3,True
lig_0072.pdbqt,-6.107,lig_0072,C[CH]([CH](C(O)=O)C1=CC=CC=C1)C2=CC=CC=C2,240.30200000000002,3.658500000000002,1,1,37.3,4,2,True
lig_0009.pdbqt,-6.093,lig_0009,C1=CC=C(C=C1)P(C2=CC=CC=C2)C3=CC=CC=C3,262.29200000000003,3.4448000000000016,0,0,0.0,3,3,True
lig_0092.pdbqt,-6.088,lig_0092,Cl[CH](CC1=CC=CC=C1)C2=CC=CC=C2,216.711,4.209200000000003,0,0,0.0,3,2,True
lig_0006.pdbqt,-6.06,lig_0006,CN(C)C1=C(Cl)C(=O)C2=C(C=CC=C2)C1=O,235.67,2.0776000000000003,0,3,37.38,1,1,True
lig_0019.pdbqt,-6.057,lig_0019,CC(=O)NC1=NC2=C(C=C1)C(=CC=N2)O,203.20100000000002,1.2937999999999996,2,4,75.11,1,2,True
lig_0021.pdbqt,-6.053,lig_0021,CCOC(=O)C1=CN=C2N=C(N)C=CC2=C1O,233.22699999999998,1.0943,2,6,98.33,2,2,True
lig_0036.pdbqt,-5.974,lig_0036,CCC(CC)([CH](OC(N)=O)C1=CC=CC=C1)C2=CC=CC=C2,297.398,4.581000000000003,1,2,52.32,6,2,True
lig_0083.pdbqt,-5.919,lig_0083,CCN(CC)C(=O)C=CC1=CC=CC=C1,203.285,2.568200000000001,0,1,20.310000000000002,4,1,True
lig_0079.pdbqt,-5.912,lig_0079,CCOC(=O)C(NC(=O)C1=CC=CC=C1)C(=O)OCC,279.29200000000003,0.9111999999999996,1,5,81.7,6,1,True
lig_0042.pdbqt,-5.88,lig_0042,NN=C(C1=CC=CC=C1)C2=CC=CC=C2,196.253,2.3977000000000004,1,2,38.379999999999995,2,2,True
lig_0055.pdbqt,-5.867,lig_0055,C[CH](C1=CC=CC=C1)[C](C)(C#N)C2=CC=CC=C2,235.32999999999998,4.271580000000003,0,1,23.79,3,2,True
lig_0032.pdbqt,-5.862,lig_0032,CC(O)(C1=CC=CC=C1)C2=CC=CC=C2,198.265,2.942400000000001,1,1,20.23,2,2,True
lig_0020.pdbqt,-5.829,lig_0020,CC1=C2C=CC(=NC2=NC(=C1)O)N,175.191,1.2260199999999994,2,4,72.03,0,2,True
lig_0076.pdbqt,-5.785,lig_0076,C[N+](C)(CC1=CC=CC=C1)CC2=CC=CC=C2,226.343,3.4632000000000023,0,0,0.0,4,2,True
lig_0034.pdbqt,-5.75,lig_0034,OC1=C2C=CC(=CC2=NC=C1[N+]([O-])=O)Cl,224.60299999999998,2.502,1,4,76.25999999999999,1,2,True
lig_0098.pdbqt,-5.663,lig_0098,CCC(CC)([CH](O)C1=CC=CC=C1)C2=CC=CC=C2,254.37300000000002,4.478000000000003,1,1,20.23,5,2,True
lig_0026.pdbqt,-5.647,lig_0026,CC1=CC(=C(C[N+](C)(C)C)C(=C1)C)C,192.326,2.818060000000001,0,0,0.0,2,1,True
lig_0066.pdbqt,-5.623,lig_0066,O=S(=O)(CC1=CC=CC=C1)CC2=CC=CC=C2,246.33100000000002,2.8016000000000014,0,2,34.14,4,2,True
lig_0074.pdbqt,-5.613,lig_0074,COC(C1=CC=CC=C1)C2=CC=CC=C2,198.265,3.4224000000000023,0,1,9.23,3,2,True
lig_0035.pdbqt,-5.613,lig_0035,CC1=CC=CC2=NC=C(C)C(=C12)Cl,191.661,3.505040000000002,0,1,12.89,0,2,True
lig_0039.pdbqt,-5.54,lig_0039,COC1=CC=C(CC2=CC=C(OC)C=C2)C=C1,228.291,3.2946000000000017,0,2,18.46,4,2,True
lig_0011.pdbqt,-5.537,lig_0011,CC1=NN(C(=O)C1)C2=CC=CC=C2,174.203,1.7992,0,2,32.67,1,1,True
lig_0010.pdbqt,-5.415,lig_0010,CC(C)(C)C1=C(O)C=C(C(=C1)O)C(C)(C)C,222.32799999999997,3.692800000000002,2,2,40.46,0,1,True
lig_0056.pdbqt,-5.414,lig_0056,CC1=C2CCCCC2=NC(=N1)O,164.20800000000003,1.36942,1,3,46.010000000000005,0,1,True
lig_0087.pdbqt,-5.407,lig_0087,COC(N(C)C)(C1=CC=CC=C1)C2=CC=CC=C2,241.33400000000003,3.0957000000000017,0,2,12.47,4,2,True
lig_0002.pdbqt,-5.396,lig_0002,OC1=C(Cl)C=C(C=C1[N+]([O-])=O)[N+]([O-])=O,218.55199999999996,1.862,1,5,106.50999999999999,2,1,True
lig_0040.pdbqt,-5.361,lig_0040,CN(C)[CH](C1=CC=CC=C1)C2=C(C)C=CC=C2,225.33499999999998,3.6460200000000027,0,1,3.24,3,2,True
lig_0012.pdbqt,-5.313,lig_0012,NC1=CC=NC2=C1C=CC(=C2)Cl,178.62199999999999,2.4704000000000006,1,2,38.91,0,2,True
lig_0053.pdbqt,-5.274,lig_0053,CC(=O)[CH]1CC2=C(C=CC=C2)C1=O,174.19899999999998,1.6306,0,2,34.14,1,1,True
lig_0041.pdbqt,-5.269,lig_0041,COC1=CC(=C(N)C(=C1)[N+]([O-])=O)[N+]([O-])=O,213.14899999999997,1.0937999999999999,1,6,121.53,3,1,True
lig_0033.pdbqt,-5.256,lig_0033,ON=CC1=CC(=CC=C1)[N+]([O-])=O,166.13599999999997,1.4029,1,4,75.72999999999999,2,1,True
lig_0085.pdbqt,-5.159,lig_0085,C[N+](C)(C)CC1=CC=CC(=C1)[N+]([O-])=O,195.24199999999996,1.801,0,2,43.14,3,1,True
lig_0030.pdbqt,-4.995,lig_0030,CC1=CC(=C(N)C(=C1)C)C,135.21,2.1940600000000003,1,1,26.02,0,1,True
lig_0059.pdbqt,-4.976,lig_0059,CC(C)(C(N)=O)C1=CC=CC=C1,163.22,1.4495000000000002,1,1,43.09,2,1,True
lig_0078.pdbqt,-4.97,lig_0078,ON=CC1=CC2=C(OCO2)C=C1,165.148,1.2234,1,4,51.05000000000001,1,1,True
lig_0061.pdbqt,-4.9,lig_0061,CCC[N+](CCC)(CCC)CC1=CC=CC=C1,234.40699999999998,4.233400000000004,0,0,0.0,8,1,True
lig_0016.pdbqt,-4.9,lig_0016,CCCCCCCCCCCCCCCC1=C(N)C=CC(=C1)O,319.53299999999996,6.608100000000007,2,2,46.25,14,1,True
lig_0097.pdbqt,-4.889,lig_0097,COC1=CC=C(C=C1)C(C)(C)C#N,175.23099999999997,2.4963800000000003,0,2,33.019999999999996,2,1,True
lig_0013.pdbqt,-4.77,lig_0013,CCCCCC[CH]1CCCCN1,169.31199999999998,3.0989000000000013,1,1,12.03,5,0,True
lig_0088.pdbqt,-4.737,lig_0088,CN(C)CCC(=O)C1=CC=CC=C1,177.247,1.821,0,2,20.310000000000002,4,1,True
lig_0049.pdbqt,-4.726,lig_0049,CCC1=C(N)C=C(C)N=C1,136.198,1.53462,1,2,38.91,1,1,True
lig_0084.pdbqt,-4.722,lig_0084,C[N+](C)(C)CC1=CC=C(C=C1)[N+]([O-])=O,195.242,1.801,0,2,43.14,3,1,True
lig_0029.pdbqt,-4.669,lig_0029,ON=CC1=CC=C(O)C=C1,137.13799999999998,1.2003,2,3,52.82000000000001,1,1,True
lig_0023.pdbqt,-4.667,lig_0023,C[N+](C)(C)CC1=CC=CC=C1,150.24499999999998,1.8928,0,0,0.0,2,1,True
lig_0043.pdbqt,-4.619,lig_0043,COC1=CC=C(C=C1)C=NO,151.16499999999996,1.5032999999999999,1,3,41.82,2,1,True
lig_0073.pdbqt,-4.61,lig_0073,ON=CC1=CC=C(Cl)C=C1,155.584,2.1480999999999995,1,2,32.59,1,1,True
lig_0024.pdbqt,-4.451,lig_0024,C[N+](C)(C)C(=O)C1=CC=CC=C1,164.22799999999998,1.533,0,1,17.07,1,1,True
lig_0095.pdbqt,-4.41,lig_0095,COC1=CC=C(CC#N)C=C1,147.17700000000002,1.76128,0,2,33.019999999999996,2,1,True
lig_0090.pdbqt,-4.401,lig_0090,CC1=C(CO)C=CC=C1,122.16699999999996,1.48732,1,1,20.23,1,1,True
lig_0089.pdbqt,-4.373,lig_0089,CCCCN(CCCC)C(C)=O,171.28399999999996,2.4351000000000003,0,1,20.310000000000002,6,0,True
lig_0000.pdbqt,-4.325,lig_0000,CC1=CC(=O)C=CC1=O,122.12299999999998,0.6407,0,2,34.14,0,0,True
lig_0003.pdbqt,-4.221,lig_0003,[O-][N+](=O)C1=CNC(=N)S1,145.143,0.4638699999999999,2,4,82.78,1,1,True
lig_0093.pdbqt,-4.103,lig_0093,CC(C)CC(=O)CC(C)=O,142.19799999999998,1.5807,0,2,34.14,4,0,True
lig_0080.pdbqt,-4.098,lig_0080,NC1=CC=C(Cl)N=C1,128.562,1.3172,1,2,38.91,0,1,True
lig_0091.pdbqt,-3.939,lig_0091,CCN(CC)CCC(=O)OC,159.22899999999998,0.8913,0,3,29.540000000000003,5,0,True
lig_0008.pdbqt,-3.814,lig_0008,CC(=NO)C(C)=NO,116.11999999999999,0.6866,2,4,65.18,1,0,True
lig_0094.pdbqt,-3.788,lig_0094,CCN(CC)CCC#N,126.203,1.2418799999999999,0,2,27.03,4,0,True
lig_0015.pdbqt,-3.783,lig_0015,BrN1C(=O)CCC1=O,177.98499999999996,0.44530000000000003,0,2,37.38,0,0,True
lig_0018.pdbqt,-3.335,lig_0018,CCCCSCC,118.24499999999999,2.539600000000001,0,1,0.0,4,0,True
lig_0052.pdbqt,-3.0,lig_0052,C[CH](C#N)N(C)C,98.14899999999999,0.46008000000000004,0,2,27.03,1,0,True
