ligand_id,smiles
lig_0000,CC1=CC(=O)C=CC1=O
lig_0001,S(SC1=NC2=CC=CC=C2S1)C3=NC4=C(S3)C=CC=C4
lig_0002,OC1=C(Cl)C=C(C=C1[N+]([O-])=O)[N+]([O-])=O
lig_0003,[O-][N+](=O)C1=CNC(=N)S1
lig_0004,NC1=CC2=C(C=C1)C(=O)C3=C(C=CC=C3)C2=O
lig_0005,OC(=O)C1=C(C=CC=C1)C2=C3C=CC(=O)C(=C3OC4=C2C=CC(=C4Br)O)Br
lig_0006,CN(C)C1=C(Cl)C(=O)C2=C(C=CC=C2)C1=O
lig_0007,CC1=C(C2=C(C=C1)C(=O)C3=CC=CC=C3C2=O)[N+]([O-])=O
lig_0008,CC(=NO)C(C)=NO
lig_0009,C1=CC=C(C=C1)P(C2=CC=CC=C2)C3=CC=CC=C3
lig_0010,CC(C)(C)C1=C(O)C=C(C(=C1)O)C(C)(C)C
lig_0011,CC1=NN(C(=O)C1)C2=CC=CC=C2
lig_0012,NC1=CC=NC2=C1C=CC(=C2)Cl
lig_0013,CCCCCC[CH]1CCCCN1
lig_0014,O=CC1=C2C=CC=CC2=CC3=C1C=CC=C3
lig_0015,BrN1C(=O)CCC1=O
lig_0016,CCCCCCCCCCCCCCCC1=C(N)C=CC(=C1)O
lig_0017,C(COC1=C(C=CC=C1)C2=CC=CC=C2)OC3=CC=CC=C3C4=CC=CC=C4
lig_0018,CCCCSCC
lig_0019,CC(=O)NC1=NC2=C(C=C1)C(=CC=N2)O
lig_0020,CC1=C2C=CC(=NC2=NC(=C1)O)N
lig_0021,CCOC(=O)C1=CN=C2N=C(N)C=CC2=C1O
lig_0022,CC1=CC(=NC=C1)N=CC2=CC=CC=C2
lig_0023,C[N+](C)(C)CC1=CC=CC=C1
lig_0024,C[N+](C)(C)C(=O)C1=CC=CC=C1
lig_0025,ICCC(C1=CC=CC=C1)(C2=CC=CC=C2)C3=CC=CC=C3
lig_0026,CC1=CC(=C(C[N+](C)(C)C)C(=C1)C)C
lig_0027,C[C](O)(CC(O)=O)C1=CC=C(C=C1)[N+]([O-])=O
lig_0028,CC1=CC=C(C=C1)C(=O)C2=CC=C(Cl)C=C2
lig_0029,ON=CC1=CC=C(O)C=C1
lig_0030,CC1=CC(=C(N)C(=C1)C)C
lig_0031,CC1=CC=C(C=C1)C(=O)C2=CC=C(C=C2)[N+]([O-])=O
lig_0032,CC(O)(C1=CC=CC=C1)C2=CC=CC=C2
lig_0033,ON=CC1=CC(=CC=C1)[N+]([O-])=O
lig_0034,OC1=C2C=CC(=CC2=NC=C1[N+]([O-])=O)Cl
lig_0035,CC1=CC=CC2=NC=C(C)C(=C12)Cl
lig_0036,CCC(CC)([CH](OC(N)=O)C1=CC=CC=C1)C2=CC=CC=C2
lig_0037,ON=C(CC1=CC=CC=C1)[CH](C#N)C2=CC=CC=C2
lig_0038,O[CH](CC1=CC=CC=C1)C2=CC=CC=C2
lig_0039,COC1=CC=C(CC2=CC=C(OC)C=C2)C=C1
lig_0040,CN(C)[CH](C1=CC=CC=C1)C2=C(C)C=CC=C2
lig_0041,COC1=CC(=C(N)C(=C1)[N+]([O-])=O)[N+]([O-])=O
lig_0042,NN=C(C1=CC=CC=C1)C2=CC=CC=C2
lig_0043,COC1=CC=C(C=C1)C=NO
lig_0044,C1=CC=C(C=C1)C(N=C(C2=CC=CC=C2)C3=CC=CC=C3)C4=CC=CC=C4
lig_0045,C1=CC=C(C=C1)N=C(C2=CC=CC=C2)C3=CC=CC=C3
lig_0046,CC1=C(C2=CC=CC=C2)C(=C3C=CC=CC3=N1)O
lig_0047,CCC1=[O+][Cu]2([O+]=C(CC)C1)[O+]=C(CC)CC(=[O+]2)CC
lig_0048,OC(=O)[CH](CC1=CC=CC=C1)C2=CC=CC=C2
lig_0049,CCC1=C(N)C=C(C)N=C1
lig_0050,CC1=C(C2=CC=CC=C2)C(=C3C=CC=CC3=N1)OC4=CC=CC=C4
lig_0051,N#C[CH](C(C1=CC=CC=C1)C2=CC=CC=C2)C3=CC=CC=C3
lig_0052,C[CH](C#N)N(C)C
lig_0053,CC(=O)[CH]1CC2=C(C=CC=C2)C1=O
lig_0054,O=S(CC1=CC=CC=C1)CC2=CC=CC=C2
lig_0055,C[CH](C1=CC=CC=C1)[C](C)(C#N)C2=CC=CC=C2
lig_0056,CC1=C2CCCCC2=NC(=N1)O
lig_0057,N(C(C1=CC=CC=C1)C2=CC=CC=C2)C(C3=CC=CC=C3)C4=CC=CC=C4
lig_0058,OC1=C2C=CC=CC2=C(N=N1)C3=CC=CC=C3
lig_0059,CC(C)(C(N)=O)C1=CC=CC=C1
lig_0060,OC(=O)C(C1=CC=CC=C1)(C2=CC=CC=C2)C3=CC=CC=C3
lig_0061,CCC[N+](CCC)(CCC)CC1=CC=CC=C1
lig_0062,CC1=CC(=C(CC(=O)C2=CC=CC=C2)C(=C1)C)C
lig_0063,COC(C1=CC=CC=C1)(C2=CC=CC=C2)C3=CC=CC=C3
lig_0064,CCC(CC)(CC)[CH](OC(=O)C1=C(C=CC=C1)C(O)=O)C2=CC=CC=C2
lig_0065,CC(=O)C(CC1=CC=CC=C1)(C2=CC=CC=C2)C3=CC=CC=C3
lig_0066,O=S(=O)(CC1=CC=CC=C1)CC2=CC=CC=C2
lig_0067,CC(C)(C)OC(=O)C(C1=CC=CC=C1)C2=CC=CC=C2
lig_0068,N#CC(CC1=CC=CC=C1)(C2=CC=CC=C2)C3=CC=CC=C3
lig_0069,CC(=CC1=CC=CC=C1)C2=CC=CC=C2
lig_0070,N#C[CH](CC1=CC=CC=C1)C2=CC=CC=C2
lig_0071,C[C](O)([CH](C(O)=O)C1=CC=CC=C1)C2=CC=CC=C2
lig_0072,C[CH]([CH](C(O)=O)C1=CC=CC=C1)C2=CC=CC=C2
lig_0073,ON=CC1=CC=C(Cl)C=C1
lig_0074,COC(C1=CC=CC=C1)C2=CC=CC=C2
lig_0075,O=C(NC(C1=CC=CC=C1)C2=CC=CC=C2)C3=CC=CC=C3
lig_0076,C[N+](C)(CC1=CC=CC=C1)CC2=CC=CC=C2
lig_0077,C1C(=[O+][Cu]2([O+]=C(CC(=[O+]2)C3=CC=CC=C3)C=CC4=CC=CC=C4)[O+]=C1C5=CC=CC=C5)C=CC6=CC=CC=C6
lig_0078,ON=CC1=CC2=C(OCO2)C=C1
lig_0079,CCOC(=O)C(NC(=O)C1=CC=CC=C1)C(=O)OCC
lig_0080,NC1=CC=C(Cl)N=C1
lig_0081,C1CCN(CC1)C(C2=CC=CC=C2)C3=CC=CC=C3
lig_0082,CCOC(=O)C1=C(O)C2=CC=C(Cl)C(=C2N=C1)C
lig_0083,CCN(CC)C(=O)C=CC1=CC=CC=C1
lig_0084,C[N+](C)(C)CC1=CC=C(C=C1)[N+]([O-])=O
lig_0085,C[N+](C)(C)CC1=CC=CC(=C1)[N+]([O-])=O
lig_0086,O=C(C[CH](N1CCCCC1)C2=CC=CC=C2)C3=CC=CC=C3
lig_0087,COC(N(C)C)(C1=CC=CC=C1)C2=CC=CC=C2
lig_0088,CN(C)CCC(=O)C1=CC=CC=C1
lig_0089,CCCCN(CCCC)C(C)=O
lig_0090,CC1=C(CO)C=CC=C1
lig_0091,CCN(CC)CCC(=O)OC
lig_0092,Cl[CH](CC1=CC=CC=C1)C2=CC=CC=C2
lig_0093,CC(C)CC(=O)CC(C)=O
lig_0094,CCN(CC)CCC#N
lig_0095,COC1=CC=C(CC#N)C=C1
lig_0096,CN(CC1=CC=CC=C1)C2=CC=CC=C2
lig_0097,COC1=CC=C(C=C1)C(C)(C)C#N
lig_0098,CCC(CC)([CH](O)C1=CC=CC=C1)C2=CC=CC=C2
lig_0099,CC(OC(=O)C1=CC=CC=C1)=CC2=CC=CC=C2
