ligand_id,smiles,affinity_kcal_mol,MW,logP,HBD,HBA,TPSA,RotBonds
lig_0044,C1=CC=C(C=C1)C(N=C(C2=CC=CC=C2)C3=CC=CC=C3)C4=CC=CC=C4,-7.553,347.46100000000007,6.313600000000005,0,1,12.36,5
lig_0050,CC1=C(C2=CC=CC=C2)C(=C3C=CC=CC3=N1)OC4=CC=CC=C4,-7.435,311.384,6.002520000000004,0,2,22.12,3
lig_0051,N#C[CH](C(C1=CC=CC=C1)C2=CC=CC=C2)C3=CC=CC=C3,-7.311,283.374,5.125880000000004,0,1,23.79,4
lig_0005,OC(=O)C1=C(C=CC=C1)C2=C3C=CC(=O)C(=C3OC4=C2C=CC(=C4Br)O)Br,-7.298,490.103,5.4936000000000025,2,4,87.74,2
lig_0017,C(COC1=C(C=CC=C1)C2=CC=CC=C2)OC3=CC=CC=C3C4=CC=CC=C4,-7.253,366.46,6.478400000000005,0,2,18.46,7
lig_0057,N(C(C1=CC=CC=C1)C2=CC=CC=C2)C(C3=CC=CC=C3)C4=CC=CC=C4,-7.185,349.4770000000001,6.155200000000005,1,1,12.03,6
lig_0075,O=C(NC(C1=CC=CC=C1)C2=CC=CC=C2)C3=CC=CC=C3,-7.164,287.362,4.206000000000003,1,1,29.1,4
lig_0007,CC1=C(C2=C(C=C1)C(=O)C3=CC=CC=C3C2=O)[N+]([O-])=O,-7.123,267.24,2.6786200000000004,0,4,77.28,1
lig_0068,N#CC(CC1=CC=CC=C1)(C2=CC=CC=C2)C3=CC=CC=C3,-7.078,283.374,4.738980000000004,0,1,23.79,4
lig_0062,CC1=CC(=C(CC(=O)C2=CC=CC=C2)C(=C1)C)C,-7.067,238.33,4.037260000000003,0,1,17.07,3
lig_0086,O=C(C[CH](N1CCCCC1)C2=CC=CC=C2)C3=CC=CC=C3,-6.997,293.41,4.486600000000004,0,2,20.31,5
lig_0060,OC(=O)C(C1=CC=CC=C1)(C2=CC=CC=C2)C3=CC=CC=C3,-6.995,288.346,4.105600000000003,1,1,37.3,4
lig_0065,CC(=O)C(CC1=CC=CC=C1)(C2=CC=CC=C2)C3=CC=CC=C3,-6.977,300.401,4.804400000000004,0,1,17.07,5
lig_0058,OC1=C2C=CC=CC2=C(N=N1)C3=CC=CC=C3,-6.955,222.247,3.002400000000001,1,3,46.010000000000005,1
lig_0004,NC1=CC2=C(C=C1)C(=O)C3=C(C=CC=C3)C2=O,-6.844,223.231,2.0442,1,3,60.16,0
lig_0001,S(SC1=NC2=CC=CC=C2S1)C3=NC4=C(S3)C=CC=C4,-6.809,332.5,5.705400000000002,0,6,25.78,3
lig_0046,CC1=C(C2=CC=CC=C2)C(=C3C=CC=CC3=N1)O,-6.807,235.286,3.915820000000003,1,2,33.120000000000005,1
lig_0045,C1=CC=C(C=C1)N=C(C2=CC=CC=C2)C3=CC=CC=C3,-6.667,257.336,4.855700000000003,0,1,12.36,3
lig_0037,ON=C(CC1=CC=CC=C1)[CH](C#N)C2=CC=CC=C2,-6.645,250.301,3.3666800000000023,1,3,56.38,4
lig_0099,CC(OC(=O)C1=CC=CC=C1)=CC2=CC=CC=C2,-6.561,238.286,3.9044000000000025,0,2,26.3,3
